client_id,decision
cdd60b2d-34eb-4db4-9d5e-8e903bbb4057,Accept
7b48afa1-6db3-4762-8faf-e73b5158f6b0,Accept
32eeffdc-91ab-4518-8dc6-4d805c5e4aed,Accept
1b97cefc-48ab-437f-8cd0-ffd4eaa707df,Accept
5471d561-b89b-4317-b3ed-499b5334e424,Accept
a482b28b-6f4c-4f2d-a167-42c071a92470,Accept
2d7d0293-291c-46ec-91fb-75351be347f8,Accept
3006006d-1060-4b53-afd3-b702a8fc2358,Accept
f4a42e3e-75a8-43dc-92fe-e38fe23b1d82,Accept
a5e06a84-2b05-47d1-8149-649d7a9e8bb6,Accept
36adf081-fef6-4696-81da-e6ba73a6c8a0,Accept
154b3c9d-a2e0-4d40-bb39-f3a249b26bc2,Accept
71fdff4e-466a-40c8-a944-4958be13f974,Accept
7b20c9c6-1bd6-4675-9e46-9b9829e50252,Accept
1591ebcd-d0c2-44c7-b130-72f9a15c8a35,Accept
10fd6524-a2a0-4ecf-953e-6c758f7147dc,Accept
44418b3d-e2cd-4105-a599-5165c00c4971,Accept
06dcf9d6-3ec4-451c-9bf4-75cb9c8061ee,Accept
d1d0eb32-9f99-422c-a404-606b4d5c3a10,Accept
3efa6b4e-8a4b-43d8-b570-0d02dd28b5ee,Accept
42d0b5e4-03ab-4199-a74b-2f3fbe68680a,Accept
1ad14242-15a9-4142-bc1f-c3fdd1165021,Accept
e11b296a-5278-49de-a6b1-01aa31a508c4,Accept
ad6b6980-7b2e-4af9-bda0-2ec004574211,Accept
ac62e33d-6645-4360-8e14-21bfb0b6902a,Accept
d5789f9c-a0f4-4663-9c6e-0d416bbbffb8,Accept
25a429d6-bd8a-45d2-af1d-a0b8e5ec2e72,Accept
e592968f-4970-4aad-82d5-9f9383e3ae57,Accept
ef70356d-5014-498e-9897-643b6bc88dab,Accept
87db27e8-e1ff-4915-8dd2-2dc4afb570a4,Accept
161cffea-a125-4496-a0fc-17d21e2ae512,Accept
aaa05711-5e4b-455e-9971-fdba386441e9,Accept
3709c954-6c2e-42a5-90f7-8b73c374943f,Accept
f3054c1b-ad4a-4cad-be7b-03cb192f5c45,Accept
